
   [
    {
      "id": 1,
      "imgUrl":"https://images-eu.ssl-images-amazon.com/images/I/41u5vbuEwtL.jpg",
      "title": "The Efficiency Paradox",
      "price": 374.00
    },
    {
      "id": 2,
      "imgUrl":"https://images-eu.ssl-images-amazon.com/images/I/51fowUadCQL.jpg",
      "title": "Oswaal ISC Worksheet Class 10 English Paper 1 (For March 2019 Exam)",
      "price": 214.00
    },
    {
      "id": 3,
      "imgUrl":"https://images-eu.ssl-images-amazon.com/images/I/5106lgPkyeL.jpg",
      "title": "Shunkk™ 54 Pcs Blocks 4 Dices Wooden Tumbling Stacking Jenga Building Tower Game (18.5 cm Height, 5 cm / Block)",
      "price": 449.00
    },
    {
      "id": 4,
      "imgUrl":"https://images-eu.ssl-images-amazon.com/images/I/51Dl3Z5mkUL.jpg",
      "title": "Olympiad Champs Science, Mathematics, English, Logical Reasoning, Cyber & GK Class 1 with 28 Mock Tests (Set of 7 Books)",
      "price": 553.00
    },
    {
      "id": 5,
      "imgUrl":"https://images-eu.ssl-images-amazon.com/images/I/61Ja5MwDP7L.jpg",
      "title": "Aesthetic Marx",
      "price": 1892.00
    },
    {
      "id": 6,
      "imgUrl":"https://images-eu.ssl-images-amazon.com/images/I/51w9-JoTf0L.jpg",
      "title": "In Montparnasse",
      "price": 747.00
    },
    {
      "id": 7,
      "imgUrl":"https://images-eu.ssl-images-amazon.com/images/I/51Hm1878xEL.jpg",
      "title": "Taylor Swift 2019 Square Wall Calendar",
      "price": 945.00
    },
    {
      "id": 8,
      "imgUrl":"https://images-eu.ssl-images-amazon.com/images/I/41lf%2BouTKGL.jpg",
      "title": "Labzio 4D Human Brain Model, Mini (10 cm Tall), Dissects Into 17 Parts, A Perfect Learning For Anatomy of Brain, A Fun Learning Model For Kids and Students",
      "price": 1955.00
    },
    {
      "id": 9,
      "imgUrl":"https://images-eu.ssl-images-amazon.com/images/I/61%2BxX5kz1sL.jpg",
      "title": "[Re]Birth: Self-Transformation Over Tea and Tarot (New Edition)",
      "price": 539.00
    },
    {
      "id": 10,
      "imgUrl":"https://images-eu.ssl-images-amazon.com/images/I/51Cb%2BxcoYoL.jpg",
      "title": "Hand Book of Printing, Packaging and Lamination: Packaging Technology",
      "price": 605.00
    },
    {
      "id": 11,
      "imgUrl":"https://images-eu.ssl-images-amazon.com/images/I/410yb0CqKfL.jpg",
      "title": "Sreedhareeyam Herbal Baby Kajal",
      "price": 95.00
    },
    {
      "id": 12,
      "imgUrl":"https://images-eu.ssl-images-amazon.com/images/I/41fA-6aVBVL.jpg",
      "title": "Copywriting Secrets: How Everyone Can Use the Power of Words to Get More Clicks, Sales, and Profits...No Matter What You Sell or Who You Sell It To!",
      "price": 929.00
    },
    {
      "id": 13,
      "imgUrl":"https://images-eu.ssl-images-amazon.com/images/I/510cPsR3QIL.jpg",
      "title": "Japanese Writing Practice Notebook: Practice Writing Japanese for Beginners Learn Kanji Symbols & Kana Characters How to Write Hiragana, Katakana and Genkouyoushi",
      "price": 680.00
    },
    
    {
      "id": 14,
      "imgUrl":"https://images-eu.ssl-images-amazon.com/images/I/411Jik4XECL.jpg",
      "title": "Dark Souls Remastered Collector's Edition Guide",
      "price": 2409.00
    },
    {
      "id": 15,
      "imgUrl":"https://images-eu.ssl-images-amazon.com/images/I/51JX2xan0gL.jpg",
      "title": "Like Blood on the Bitten Tongue: Delhi Poems",
      "price": 334.00
    },
    {
      "id": 16,
      "imgUrl":"https://images-eu.ssl-images-amazon.com/images/I/515DDX75EgL.jpg",
      "title": "Atlas of Critical Care",
      "price": 2375.00
    },
    {
      "id": 17,
      "imgUrl":"https://images-eu.ssl-images-amazon.com/images/I/51NjRCjCxzL.jpg",
      "title": "Gunning for Greatness: My Life: With an introduction by Jose Mourinho",
      "price": 796.00
    },
    {
      "id": 18,
      "imgUrl":"https://images-eu.ssl-images-amazon.com/images/I/61sexOMUZ4L.jpg",
      "title": "Amazon Brand - Solimo Copy Colouring Books for Adults (Set of 4)",
      "price": 238.00
    },
    {
      "id": 19,
      "imgUrl":"https://images-eu.ssl-images-amazon.com/images/I/51t2UMMJjSL.jpg",
      "title": "Ruffage: A Practical Guide to Vegetables",
      "price": 2389.00
    },
    {
      "id": 20,
      "imgUrl":"https://images-eu.ssl-images-amazon.com/images/I/31USbD1Qc6L.jpg",
      "title": "SHUANGYOU Plastic Duck Stacking Ring Super Stack Up Educational Toy Multicolour (Jumbo 12 Rings, 1 Base, 1 Duc1",
      "price": 399.00
    }


    
  ]
  
